WarehouseID,ProductID,QuantityOnHand,ReOrderLevel,LastUpdated
1,1,486,83,2026-04-06
1,2,446,88,2026-03-13
1,3,277,86,2025-08-24
1,4,75,45,2025-06-13
1,5,143,70,2025-09-25
1,6,484,76,2025-09-07
1,7,284,97,2025-08-18
1,8,219,88,2026-05-13
1,9,46,81,2026-04-18
1,10,499,88,2025-09-25
1,11,203,35,2026-01-27
1,12,217,67,2025-10-24
1,13,340,58,2026-05-02
1,14,99,52,2025-11-16
1,15,253,42,2025-09-06
1,16,249,29,2025-08-31
1,17,245,88,2025-12-24
1,18,99,53,2025-09-06
1,19,179,29,2026-01-01
1,20,249,38,2026-04-26
1,21,441,20,2025-10-26
1,22,324,23,2025-08-21
1,23,15,43,2026-06-02
1,24,335,21,2025-12-05
1,25,496,51,2025-07-05
1,26,474,43,2025-06-19
1,27,395,69,2025-07-12
1,28,162,52,2026-01-17
1,29,416,80,2026-03-18
1,30,178,62,2025-11-03
1,31,100,31,2025-06-25
1,32,322,84,2025-10-19
1,33,416,59,2026-06-01
1,34,329,62,2025-12-12
1,35,43,48,2026-05-23
1,36,396,31,2026-04-13
1,37,94,65,2025-06-06
1,38,385,54,2026-02-20
1,39,214,27,2026-02-06
1,40,92,45,2025-12-15
1,41,457,53,2025-09-07
1,42,114,26,2026-01-22
1,43,195,77,2025-07-12
1,44,113,94,2025-11-08
1,45,412,55,2025-11-15
1,46,216,40,2026-05-17
1,47,248,55,2026-04-18
1,48,393,92,2025-09-06
1,49,407,83,2025-12-02
1,50,226,68,2025-08-06
1,51,98,55,2026-05-02
1,52,465,43,2026-04-16
1,53,150,81,2025-09-19
1,54,223,56,2026-01-21
1,55,267,74,2026-01-10
1,56,12,42,2025-07-27
1,57,216,49,2026-03-08
1,58,272,81,2025-12-16
1,59,83,32,2026-03-13
1,60,186,38,2025-12-13
1,61,176,31,2025-06-02
1,62,444,38,2025-09-28
1,63,75,28,2025-06-09
1,64,454,47,2026-05-08
1,65,205,71,2026-04-19
1,66,338,35,2026-04-02
1,67,372,88,2025-09-22
1,68,98,31,2025-06-23
1,69,24,71,2026-04-19
1,70,378,72,2026-05-14
1,71,150,35,2025-07-03
1,72,56,58,2025-11-26
1,73,108,72,2025-06-27
1,74,41,77,2026-03-07
1,75,422,33,2026-03-09
1,76,222,24,2025-07-18
1,77,162,94,2025-11-22
1,78,145,95,2025-12-20
1,79,8,93,2025-09-07
1,80,441,36,2026-04-17
1,81,252,26,2025-11-03
1,82,173,32,2025-08-18
1,83,167,61,2025-12-16
1,84,392,69,2026-02-24
1,85,282,85,2025-08-14
1,86,4,48,2025-09-24
1,87,164,57,2026-06-01
1,88,338,27,2026-01-25
1,89,495,84,2025-11-09
1,90,341,36,2025-12-08
1,91,326,64,2025-07-16
1,92,131,55,2025-08-23
1,93,69,50,2025-10-03
1,94,274,80,2026-01-03
1,95,363,73,2025-08-25
1,96,166,93,2025-08-21
1,97,345,38,2025-06-27
1,98,38,86,2026-01-18
1,99,172,32,2025-08-24
1,100,241,77,2026-04-29
2,1,147,91,2026-04-12
2,2,316,58,2025-06-27
2,3,0,22,2025-08-28
2,4,460,81,2026-02-01
2,5,190,44,2025-08-19
2,6,311,52,2025-07-20
2,7,421,25,2026-05-10
2,8,57,63,2025-12-28
2,9,172,51,2025-11-21
2,10,172,80,2026-03-16
2,11,302,40,2026-03-24
2,12,79,94,2025-08-10
2,13,251,55,2025-07-07
2,14,226,38,2025-11-06
2,15,19,76,2025-11-04
2,16,401,66,2025-11-19
2,17,232,68,2026-02-23
2,18,13,34,2026-02-03
2,19,414,20,2026-05-28
2,20,372,73,2025-07-08
2,21,373,22,2025-10-27
2,22,143,76,2025-10-04
2,23,458,31,2026-04-13
2,24,329,35,2025-09-01
2,25,455,95,2025-08-10
2,26,407,47,2025-11-13
2,27,372,27,2025-11-03
2,28,121,55,2025-09-11
2,29,89,27,2025-09-01
2,30,185,79,2026-05-05
2,31,177,47,2025-11-11
2,32,219,60,2026-04-13
2,33,227,83,2025-12-20
2,34,410,82,2025-06-20
2,35,144,92,2026-06-02
2,36,416,96,2026-04-03
2,37,219,48,2026-05-22
2,38,396,65,2026-05-07
2,39,34,25,2026-04-08
2,40,81,88,2025-08-01
2,41,302,44,2025-11-26
2,42,449,29,2025-08-19
2,43,311,49,2025-10-26
2,44,241,24,2025-06-23
2,45,118,52,2025-10-18
2,46,373,84,2026-05-28
2,47,145,68,2025-09-07
2,48,266,45,2026-03-15
2,49,62,78,2025-11-15
2,50,282,68,2025-11-03
2,51,460,52,2026-05-18
2,52,97,20,2026-06-01
2,53,404,74,2025-12-22
2,54,5,88,2026-02-19
2,55,350,24,2025-07-28
2,56,357,22,2025-09-18
2,57,436,42,2026-05-22
2,58,484,72,2025-12-30
2,59,164,93,2025-12-17
2,60,457,36,2026-03-02
2,61,84,97,2025-06-22
2,62,456,20,2026-01-01
2,63,50,64,2025-12-03
2,64,204,23,2026-04-10
2,65,445,84,2025-07-29
2,66,368,51,2026-05-19
2,67,33,91,2025-07-01
2,68,38,45,2025-08-09
2,69,249,53,2026-01-05
2,70,437,22,2026-02-04
2,71,378,69,2025-08-27
2,72,267,84,2025-07-15
2,73,53,24,2026-04-23
2,74,477,76,2025-08-31
2,75,400,66,2026-01-05
2,76,406,98,2026-01-14
2,77,228,33,2025-11-02
2,78,65,94,2026-01-01
2,79,434,57,2025-12-10
2,80,191,57,2026-05-10
2,81,305,49,2025-08-15
2,82,334,70,2026-02-19
2,83,446,71,2025-08-28
2,84,248,57,2025-10-24
2,85,480,98,2026-02-02
2,86,29,70,2025-09-19
2,87,80,24,2025-09-25
2,88,284,23,2026-03-04
2,89,137,75,2025-06-28
2,90,400,93,2025-11-16
2,91,272,88,2026-06-02
2,92,33,25,2026-06-01
2,93,52,85,2025-06-28
2,94,204,62,2025-08-19
2,95,239,94,2025-09-07
2,96,370,42,2026-05-09
2,97,182,99,2026-04-20
2,98,94,94,2026-04-19
2,99,373,35,2025-10-15
2,100,7,23,2025-07-29
3,1,359,23,2026-04-03
3,2,183,44,2026-02-14
3,3,194,86,2026-01-11
3,4,154,51,2026-05-29
3,5,433,80,2026-01-27
3,6,121,70,2025-06-04
3,7,402,40,2026-03-28
3,8,4,61,2025-09-19
3,9,316,41,2026-01-30
3,10,404,89,2026-05-11
3,11,0,24,2025-07-21
3,12,232,31,2025-07-14
3,13,345,65,2025-07-11
3,14,33,68,2025-12-21
3,15,77,64,2025-09-09
3,16,410,92,2026-01-09
3,17,281,66,2026-02-19
3,18,120,75,2025-08-15
3,19,349,82,2026-01-20
3,20,47,80,2025-09-06
3,21,336,45,2025-11-27
3,22,291,20,2026-04-29
3,23,7,71,2026-04-07
3,24,206,66,2025-07-05
3,25,126,75,2025-11-04
3,26,213,33,2025-09-11
3,27,473,47,2025-06-03
3,28,470,97,2026-03-11
3,29,215,21,2026-01-21
3,30,364,45,2025-09-05
3,31,13,78,2026-02-28
3,32,311,26,2025-12-20
3,33,2,42,2025-11-05
3,34,237,37,2025-06-05
3,35,293,34,2025-06-29
3,36,191,47,2026-04-21
3,37,201,58,2026-04-28
3,38,440,36,2025-12-18
3,39,230,63,2026-04-03
3,40,24,36,2026-01-01
3,41,12,44,2025-07-26
3,42,67,29,2025-07-18
3,43,66,37,2025-09-22
3,44,110,53,2026-04-27
3,45,110,27,2026-03-20
3,46,423,61,2026-04-13
3,47,424,25,2026-04-27
3,48,179,45,2025-08-17
3,49,319,78,2025-09-01
3,50,439,78,2025-07-09
3,51,364,89,2026-03-14
3,52,228,52,2026-04-21
3,53,436,41,2025-10-28
3,54,276,89,2026-01-15
3,55,69,23,2025-07-28
3,56,349,94,2026-05-08
3,57,445,81,2026-04-14
3,58,349,43,2026-05-25
3,59,310,28,2026-03-25
3,60,246,22,2026-04-20
3,61,242,50,2025-06-11
3,62,39,55,2026-02-26
3,63,407,25,2025-10-01
3,64,321,94,2026-05-08
3,65,3,98,2026-03-22
3,66,133,70,2026-04-14
3,67,61,76,2026-03-25
3,68,193,98,2025-09-07
3,69,202,27,2026-03-17
3,70,25,70,2025-07-11
3,71,172,63,2026-04-17
3,72,132,89,2026-04-12
3,73,409,87,2025-08-22
3,74,274,39,2026-03-27
3,75,112,31,2025-11-17
3,76,46,20,2025-09-21
3,77,89,33,2026-03-20
3,78,319,57,2025-08-24
3,79,292,30,2025-06-10
3,80,355,96,2025-08-11
3,81,490,22,2025-09-30
3,82,160,25,2026-04-14
3,83,177,29,2026-05-21
3,84,260,42,2025-09-12
3,85,137,63,2026-01-22
3,86,385,32,2025-10-26
3,87,167,21,2026-05-27
3,88,83,84,2025-12-15
3,89,318,92,2026-05-11
3,90,272,28,2025-07-14
3,91,458,34,2026-05-23
3,92,407,57,2025-08-06
3,93,418,68,2026-05-20
3,94,68,81,2025-09-07
3,95,443,69,2025-07-11
3,96,333,94,2025-11-08
3,97,136,53,2026-02-23
3,98,75,54,2025-09-24
3,99,0,59,2026-01-09
3,100,319,41,2025-12-06
4,1,59,83,2025-10-20
4,2,348,91,2025-12-30
4,3,266,33,2025-09-03
4,4,315,49,2026-02-16
4,5,290,56,2025-06-02
4,6,4,97,2026-05-06
4,7,409,81,2025-12-16
4,8,131,61,2026-02-20
4,9,88,37,2026-02-28
4,10,295,91,2026-02-02
4,11,294,33,2025-10-13
4,12,287,70,2025-06-27
4,13,124,57,2026-01-31
4,14,352,42,2025-09-30
4,15,62,34,2025-09-24
4,16,480,44,2026-04-08
4,17,144,85,2026-02-20
4,18,461,72,2025-09-19
4,19,103,70,2025-09-23
4,20,38,70,2025-10-29
4,21,197,25,2025-10-27
4,22,66,26,2025-09-18
4,23,178,91,2025-07-18
4,24,41,83,2025-11-02
4,25,499,34,2026-05-12
4,26,110,48,2026-02-04
4,27,288,46,2026-04-28
4,28,419,48,2026-01-13
4,29,37,76,2025-09-20
4,30,96,46,2025-12-19
4,31,438,52,2025-06-02
4,32,253,87,2025-09-15
4,33,85,85,2025-11-06
4,34,9,24,2025-12-31
4,35,122,93,2026-01-27
4,36,352,57,2025-11-19
4,37,396,50,2025-11-10
4,38,302,71,2025-08-19
4,39,183,34,2025-11-22
4,40,156,27,2026-04-27
4,41,260,48,2026-03-20
4,42,46,87,2025-08-03
4,43,331,64,2025-07-03
4,44,129,46,2025-12-07
4,45,94,55,2026-01-19
4,46,291,45,2025-10-02
4,47,298,46,2026-03-28
4,48,68,39,2026-03-03
4,49,10,93,2026-02-03
4,50,359,57,2025-08-23
4,51,133,91,2025-08-13
4,52,22,66,2025-06-10
4,53,345,65,2025-08-30
4,54,362,31,2025-11-22
4,55,217,32,2026-04-09
4,56,103,81,2025-06-28
4,57,209,79,2025-10-31
4,58,170,95,2026-01-18
4,59,491,87,2025-08-12
4,60,132,56,2026-02-11
4,61,327,50,2025-11-29
4,62,377,28,2025-08-30
4,63,50,48,2026-01-28
4,64,461,59,2025-06-04
4,65,296,30,2026-03-03
4,66,406,20,2026-03-10
4,67,301,40,2025-07-11
4,68,345,55,2025-11-04
4,69,181,76,2025-08-05
4,70,0,82,2026-05-18
4,71,437,74,2025-12-08
4,72,370,59,2025-06-20
4,73,398,40,2025-09-01
4,74,430,92,2026-04-08
4,75,308,28,2025-11-16
4,76,201,71,2026-03-22
4,77,312,45,2026-02-01
4,78,424,54,2026-05-29
4,79,62,44,2026-01-05
4,80,89,94,2026-05-15
4,81,293,21,2026-04-24
4,82,390,53,2026-01-12
4,83,346,36,2026-02-20
4,84,127,62,2025-12-03
4,85,442,70,2026-04-01
4,86,181,43,2025-12-19
4,87,24,90,2026-04-26
4,88,179,89,2026-03-01
4,89,343,52,2025-11-22
4,90,176,48,2025-09-04
4,91,62,41,2025-08-31
4,92,153,47,2026-01-21
4,93,369,68,2026-03-09
4,94,454,68,2025-12-09
4,95,147,82,2026-01-17
4,96,188,68,2025-09-10
4,97,326,20,2025-06-30
4,98,223,32,2025-09-14
4,99,477,70,2025-09-09
4,100,378,75,2025-09-27
5,1,210,81,2025-12-16
5,2,31,49,2025-07-22
5,3,284,68,2025-08-25
5,4,428,49,2026-02-10
5,5,143,59,2026-02-15
5,6,18,37,2025-06-25
5,7,256,97,2025-10-29
5,8,370,66,2025-12-17
5,9,497,85,2025-11-01
5,10,475,57,2025-08-16
5,11,434,82,2025-11-02
5,12,131,20,2026-04-29
5,13,263,48,2026-01-01
5,14,54,22,2026-02-11
5,15,287,29,2026-04-11
5,16,457,53,2026-03-09
5,17,379,74,2025-10-19
5,18,475,51,2025-06-04
5,19,177,26,2025-10-08
5,20,348,27,2026-03-04
5,21,320,76,2026-04-10
5,22,246,86,2026-05-16
5,23,471,78,2025-11-02
5,24,254,91,2026-03-02
5,25,53,86,2025-12-18
5,26,50,27,2026-01-08
5,27,417,54,2025-08-21
5,28,95,97,2025-08-21
5,29,287,65,2025-11-08
5,30,490,35,2025-06-12
5,31,451,56,2025-10-03
5,32,181,33,2026-02-05
5,33,222,74,2025-10-27
5,34,431,26,2025-08-01
5,35,329,26,2025-11-20
5,36,160,42,2025-07-18
5,37,84,38,2026-01-15
5,38,111,38,2025-06-11
5,39,35,48,2025-10-24
5,40,187,21,2025-12-25
5,41,384,66,2025-06-11
5,42,196,39,2026-01-23
5,43,10,21,2025-07-21
5,44,194,31,2025-11-17
5,45,19,24,2025-06-20
5,46,292,57,2025-10-18
5,47,255,28,2025-08-18
5,48,225,72,2025-09-29
5,49,427,43,2026-03-07
5,50,80,93,2025-10-18
5,51,157,78,2026-03-04
5,52,493,33,2026-04-02
5,53,8,59,2025-09-02
5,54,449,44,2025-07-01
5,55,358,92,2025-06-09
5,56,245,41,2025-12-16
5,57,234,23,2026-06-02
5,58,153,77,2025-10-08
5,59,28,56,2026-01-25
5,60,74,89,2026-03-14
5,61,145,61,2026-01-26
5,62,355,60,2026-03-05
5,63,421,53,2026-05-15
5,64,16,56,2025-08-13
5,65,152,95,2025-06-09
5,66,86,46,2025-07-27
5,67,312,50,2025-07-18
5,68,133,59,2026-02-02
5,69,97,31,2025-12-25
5,70,236,72,2025-08-20
5,71,454,29,2026-02-13
5,72,172,36,2026-03-09
5,73,409,81,2025-08-02
5,74,121,65,2026-01-10
5,75,63,21,2026-03-02
5,76,309,84,2025-07-13
5,77,306,72,2026-03-28
5,78,291,45,2026-05-21
5,79,28,40,2025-07-11
5,80,266,59,2025-06-11
5,81,10,55,2025-09-24
5,82,112,78,2026-02-04
5,83,294,73,2026-05-18
5,84,97,74,2025-10-25
5,85,110,43,2026-02-18
5,86,245,41,2025-06-29
5,87,68,75,2026-02-09
5,88,288,55,2026-01-17
5,89,238,39,2025-07-09
5,90,466,81,2026-03-11
5,91,364,92,2026-04-09
5,92,153,85,2026-01-07
5,93,72,92,2025-07-16
5,94,295,36,2026-05-28
5,95,128,80,2026-03-15
5,96,426,61,2025-10-07
5,97,24,58,2025-11-05
5,98,290,22,2025-10-15
5,99,497,63,2025-12-04
5,100,434,31,2025-10-04
6,1,274,63,2026-04-08
6,2,442,68,2026-03-29
6,3,444,36,2025-07-10
6,4,329,76,2026-05-19
6,5,310,66,2026-01-20
6,6,11,81,2026-04-01
6,7,79,27,2026-02-15
6,8,478,40,2025-11-08
6,9,80,99,2026-02-25
6,10,197,91,2026-05-21
6,11,24,31,2025-09-08
6,12,142,78,2026-03-24
6,13,409,45,2025-12-15
6,14,46,51,2025-11-25
6,15,265,35,2025-11-08
6,16,198,36,2026-02-24
6,17,406,45,2025-09-08
6,18,468,26,2026-04-09
6,19,269,98,2026-04-02
6,20,116,26,2025-07-03
6,21,136,67,2026-04-20
6,22,327,78,2025-08-30
6,23,214,58,2025-11-19
6,24,482,37,2026-01-11
6,25,442,36,2025-10-18
6,26,13,50,2025-06-12
6,27,151,79,2026-04-09
6,28,300,22,2025-08-07
6,29,292,62,2025-08-18
6,30,423,74,2026-03-21
6,31,470,58,2025-10-04
6,32,14,23,2026-04-20
6,33,348,44,2026-02-13
6,34,396,52,2025-09-11
6,35,15,61,2025-06-05
6,36,107,85,2026-05-14
6,37,310,61,2025-07-03
6,38,33,49,2026-02-20
6,39,250,32,2025-11-27
6,40,140,37,2026-03-06
6,41,415,58,2026-02-09
6,42,301,48,2026-01-24
6,43,445,81,2025-11-28
6,44,244,76,2026-03-19
6,45,271,75,2025-07-06
6,46,235,29,2025-08-22
6,47,413,44,2026-02-10
6,48,358,24,2025-09-22
6,49,64,68,2025-12-31
6,50,2,64,2025-11-22
6,51,141,49,2025-12-13
6,52,497,87,2025-11-04
6,53,145,81,2026-03-02
6,54,292,44,2025-10-01
6,55,431,84,2026-02-14
6,56,436,98,2025-09-09
6,57,72,34,2025-09-02
6,58,304,87,2025-07-16
6,59,139,78,2025-08-11
6,60,292,80,2025-07-15
6,61,484,62,2025-12-15
6,62,379,89,2026-03-07
6,63,294,75,2025-08-08
6,64,318,65,2025-08-20
6,65,343,30,2025-11-26
6,66,61,96,2026-02-22
6,67,225,44,2026-05-25
6,68,198,71,2025-12-11
6,69,259,78,2025-09-13
6,70,71,39,2025-07-08
6,71,348,82,2025-08-12
6,72,309,93,2025-08-24
6,73,106,76,2025-08-06
6,74,217,60,2025-06-07
6,75,240,22,2025-12-14
6,76,375,25,2025-09-10
6,77,4,24,2026-05-24
6,78,53,66,2025-12-21
6,79,214,68,2026-02-12
6,80,8,39,2025-07-18
6,81,377,80,2026-04-15
6,82,378,54,2025-11-28
6,83,177,81,2026-04-17
6,84,144,22,2025-12-29
6,85,159,32,2025-11-20
6,86,119,92,2025-11-10
6,87,67,33,2025-08-08
6,88,356,30,2025-06-20
6,89,104,75,2026-05-12
6,90,322,48,2025-11-23
6,91,136,86,2026-03-29
6,92,408,95,2025-10-26
6,93,169,28,2025-06-29
6,94,462,59,2026-01-18
6,95,24,24,2025-06-21
6,96,394,78,2025-07-26
6,97,225,98,2025-12-24
6,98,37,91,2025-09-21
6,99,250,24,2026-05-31
6,100,175,37,2025-07-15
7,1,453,56,2026-03-08
7,2,315,67,2026-01-09
7,3,460,47,2026-03-18
7,4,452,96,2025-08-23
7,5,80,59,2025-12-10
7,6,300,81,2025-11-13
7,7,348,77,2025-11-11
7,8,322,75,2026-04-12
7,9,39,59,2026-05-30
7,10,346,96,2025-09-21
7,11,236,52,2026-01-15
7,12,261,38,2026-01-11
7,13,335,59,2026-02-27
7,14,91,78,2026-05-14
7,15,58,67,2025-08-17
7,16,168,32,2025-08-18
7,17,362,64,2026-01-29
7,18,344,72,2025-07-29
7,19,169,82,2025-08-04
7,20,154,57,2025-06-29
7,21,187,26,2025-06-02
7,22,132,64,2025-11-13
7,23,313,50,2026-01-05
7,24,22,61,2025-09-16
7,25,393,51,2025-08-25
7,26,362,72,2026-02-15
7,27,157,58,2026-02-14
7,28,414,21,2025-11-15
7,29,205,96,2026-02-08
7,30,476,31,2026-05-06
7,31,294,85,2026-03-17
7,32,223,32,2026-01-16
7,33,45,46,2026-01-29
7,34,112,36,2026-05-09
7,35,359,79,2025-11-04
7,36,447,54,2025-12-18
7,37,495,89,2026-01-25
7,38,466,49,2026-04-30
7,39,454,93,2026-03-31
7,40,232,82,2025-06-28
7,41,411,79,2025-08-01
7,42,334,56,2025-09-22
7,43,476,41,2026-03-03
7,44,195,39,2025-12-27
7,45,351,87,2025-09-15
7,46,218,83,2025-07-17
7,47,16,31,2026-02-09
7,48,405,36,2026-02-13
7,49,393,84,2026-05-13
7,50,21,69,2025-12-02
7,51,269,83,2025-11-29
7,52,174,48,2025-07-01
7,53,203,55,2025-06-16
7,54,250,71,2025-11-07
7,55,380,95,2025-09-27
7,56,6,48,2025-09-01
7,57,394,52,2025-07-05
7,58,133,98,2026-05-20
7,59,415,70,2026-04-03
7,60,458,77,2025-12-29
7,61,470,45,2026-05-15
7,62,481,65,2026-06-02
7,63,225,48,2026-02-03
7,64,3,32,2025-09-08
7,65,488,58,2025-06-16
7,66,270,48,2026-03-05
7,67,156,94,2025-11-21
7,68,371,51,2026-01-26
7,69,129,66,2026-05-03
7,70,461,41,2025-08-07
7,71,458,46,2026-01-02
7,72,194,75,2026-01-20
7,73,91,40,2025-11-28
7,74,302,99,2025-07-05
7,75,356,78,2025-10-07
7,76,83,25,2025-10-01
7,77,146,76,2026-02-02
7,78,452,22,2026-04-11
7,79,256,77,2025-09-30
7,80,379,57,2026-02-10
7,81,14,53,2025-09-15
7,82,444,54,2026-05-13
7,83,319,44,2026-03-26
7,84,279,31,2025-12-20
7,85,273,34,2025-11-15
7,86,491,99,2025-09-25
7,87,26,91,2025-09-28
7,88,59,65,2026-05-23
7,89,472,36,2025-10-27
7,90,92,72,2025-12-07
7,91,7,98,2026-05-29
7,92,26,65,2026-01-28
7,93,49,90,2025-12-17
7,94,386,83,2025-10-31
7,95,427,72,2025-08-09
7,96,23,79,2025-10-12
7,97,377,22,2026-03-05
7,98,403,65,2026-01-16
7,99,14,44,2026-03-07
7,100,221,97,2025-08-15
8,1,454,36,2025-12-20
8,2,381,28,2026-05-07
8,3,165,67,2025-11-09
8,4,443,82,2026-02-12
8,5,213,21,2025-07-16
8,6,343,91,2026-05-24
8,7,394,83,2026-01-10
8,8,204,91,2025-08-28
8,9,276,37,2025-07-29
8,10,477,83,2025-12-20
8,11,337,57,2025-12-21
8,12,31,30,2025-07-06
8,13,300,52,2026-05-31
8,14,101,60,2026-05-02
8,15,391,30,2025-11-17
8,16,213,70,2025-07-14
8,17,87,60,2026-04-02
8,18,400,95,2025-12-01
8,19,376,65,2026-02-19
8,20,159,98,2025-12-05
8,21,79,73,2025-09-10
8,22,85,39,2026-04-03
8,23,160,93,2026-05-26
8,24,423,51,2025-08-30
8,25,241,21,2025-12-20
8,26,224,52,2025-10-20
8,27,232,96,2026-05-05
8,28,413,52,2025-12-05
8,29,76,45,2026-04-19
8,30,405,85,2026-04-14
8,31,165,65,2025-09-11
8,32,121,34,2026-03-18
8,33,481,63,2025-10-31
8,34,304,94,2026-05-09
8,35,316,86,2025-12-04
8,36,122,25,2026-03-29
8,37,8,25,2025-09-13
8,38,72,51,2025-09-19
8,39,40,95,2026-01-02
8,40,263,91,2026-06-02
8,41,177,81,2025-11-28
8,42,83,81,2025-07-26
8,43,110,26,2025-12-16
8,44,458,99,2025-10-06
8,45,387,25,2025-12-21
8,46,313,41,2025-12-17
8,47,409,22,2025-11-15
8,48,126,60,2025-09-27
8,49,187,33,2025-08-10
8,50,458,31,2026-02-12
8,51,86,31,2025-12-28
8,52,396,44,2025-08-26
8,53,300,38,2026-03-12
8,54,54,64,2025-06-17
8,55,391,72,2026-03-01
8,56,182,51,2026-02-15
8,57,306,63,2026-03-25
8,58,81,89,2025-10-21
8,59,401,41,2026-01-30
8,60,36,75,2026-03-29
8,61,360,78,2026-05-26
8,62,130,47,2025-11-30
8,63,201,54,2025-06-15
8,64,444,73,2025-12-02
8,65,446,98,2026-01-04
8,66,352,26,2026-04-16
8,67,331,68,2026-04-17
8,68,349,50,2025-11-10
8,69,441,80,2025-12-11
8,70,23,39,2025-11-16
8,71,292,23,2026-02-21
8,72,219,39,2025-10-30
8,73,443,43,2026-01-27
8,74,49,68,2025-07-28
8,75,434,55,2025-11-20
8,76,249,85,2026-05-22
8,77,334,53,2025-10-03
8,78,419,25,2026-02-10
8,79,294,61,2026-01-25
8,80,242,77,2026-04-09
8,81,245,31,2026-04-09
8,82,130,37,2026-04-12
8,83,39,40,2025-10-19
8,84,398,45,2025-09-25
8,85,7,61,2026-02-20
8,86,427,33,2026-03-06
8,87,333,21,2026-04-17
8,88,374,56,2025-06-15
8,89,324,57,2025-06-27
8,90,492,60,2026-01-19
8,91,317,79,2026-05-05
8,92,380,33,2026-06-02
8,93,230,21,2026-03-02
8,94,230,89,2025-11-07
8,95,144,47,2025-07-08
8,96,65,54,2026-01-19
8,97,228,24,2026-04-17
8,98,448,59,2025-11-11
8,99,459,75,2026-02-11
8,100,163,64,2026-04-28
9,1,406,66,2025-06-18
9,2,286,30,2026-03-20
9,3,9,86,2025-09-17
9,4,117,33,2025-10-17
9,5,79,93,2025-07-25
9,6,92,29,2025-12-13
9,7,331,20,2025-12-26
9,8,132,39,2026-03-19
9,9,263,62,2025-08-03
9,10,459,20,2025-06-30
9,11,312,83,2026-04-16
9,12,373,47,2026-01-14
9,13,120,56,2025-08-29
9,14,174,95,2026-05-02
9,15,164,68,2025-07-24
9,16,496,63,2025-11-17
9,17,311,47,2025-09-02
9,18,366,98,2025-09-03
9,19,389,80,2025-06-05
9,20,403,97,2026-03-23
9,21,129,92,2026-04-27
9,22,292,39,2026-02-05
9,23,281,48,2025-07-29
9,24,0,54,2025-11-10
9,25,197,78,2025-10-06
9,26,324,52,2026-01-03
9,27,496,70,2026-01-21
9,28,205,31,2025-11-04
9,29,489,39,2025-09-01
9,30,180,62,2026-04-07
9,31,125,69,2025-08-13
9,32,284,76,2025-10-20
9,33,38,75,2025-11-25
9,34,494,62,2025-08-27
9,35,177,42,2025-12-28
9,36,427,57,2025-12-29
9,37,339,42,2026-05-31
9,38,383,64,2025-09-18
9,39,307,99,2026-05-25
9,40,433,27,2026-01-28
9,41,497,20,2025-09-10
9,42,263,48,2025-12-26
9,43,351,24,2026-02-08
9,44,494,66,2026-03-01
9,45,289,84,2025-06-19
9,46,310,62,2026-01-09
9,47,457,49,2025-11-30
9,48,113,36,2026-04-28
9,49,25,27,2025-09-14
9,50,302,95,2026-03-21
9,51,474,91,2026-01-10
9,52,344,65,2025-10-08
9,53,451,52,2026-01-21
9,54,0,38,2026-01-15
9,55,286,99,2026-02-05
9,56,141,72,2026-02-20
9,57,303,88,2026-01-29
9,58,360,81,2026-04-04
9,59,219,85,2026-01-17
9,60,497,83,2026-04-28
9,61,453,82,2026-01-24
9,62,72,52,2025-09-23
9,63,168,67,2025-11-10
9,64,268,92,2025-12-31
9,65,244,96,2026-02-25
9,66,158,94,2025-07-04
9,67,323,23,2025-09-18
9,68,101,38,2026-03-02
9,69,453,32,2025-08-05
9,70,488,42,2025-07-20
9,71,338,94,2025-12-16
9,72,128,73,2026-05-23
9,73,454,34,2025-12-13
9,74,64,95,2026-05-02
9,75,198,34,2026-04-01
9,76,404,38,2025-09-04
9,77,315,52,2026-03-30
9,78,304,54,2025-11-25
9,79,427,30,2026-03-24
9,80,354,91,2026-03-02
9,81,109,97,2025-10-03
9,82,329,85,2025-07-14
9,83,429,28,2026-05-20
9,84,2,45,2025-07-23
9,85,327,67,2026-05-21
9,86,449,89,2026-04-12
9,87,411,45,2026-02-22
9,88,152,31,2026-05-26
9,89,132,67,2026-05-22
9,90,292,98,2026-03-23
9,91,299,34,2025-10-13
9,92,42,67,2026-03-18
9,93,342,89,2025-06-07
9,94,301,62,2025-12-15
9,95,492,40,2025-11-15
9,96,406,99,2026-02-03
9,97,302,34,2026-02-03
9,98,280,55,2026-01-01
9,99,202,70,2026-03-30
9,100,270,87,2026-05-12
10,1,276,32,2025-07-11
10,2,469,38,2025-08-26
10,3,289,97,2025-06-11
10,4,380,87,2026-04-21
10,5,495,71,2025-12-24
10,6,493,46,2026-05-02
10,7,156,47,2025-08-22
10,8,290,27,2025-06-25
10,9,143,55,2026-03-30
10,10,157,37,2026-04-30
10,11,1,68,2025-09-20
10,12,76,23,2025-10-29
10,13,89,94,2025-07-23
10,14,262,93,2026-05-14
10,15,38,32,2025-09-21
10,16,158,90,2025-11-29
10,17,446,75,2025-07-07
10,18,240,61,2026-04-22
10,19,444,61,2025-07-21
10,20,439,55,2025-11-15
10,21,83,87,2026-02-02
10,22,373,26,2026-02-28
10,23,309,20,2026-05-14
10,24,171,64,2025-11-02
10,25,361,66,2026-02-28
10,26,378,32,2025-07-28
10,27,374,41,2025-10-31
10,28,117,40,2025-07-08
10,29,213,28,2025-11-28
10,30,25,28,2025-10-29
10,31,270,29,2026-05-16
10,32,471,61,2025-06-13
10,33,71,43,2025-10-15
10,34,207,68,2025-11-11
10,35,153,56,2026-05-15
10,36,67,69,2026-04-11
10,37,151,38,2025-07-08
10,38,99,79,2026-02-07
10,39,166,93,2025-12-18
10,40,344,37,2026-05-25
10,41,402,55,2025-10-11
10,42,457,74,2025-10-25
10,43,241,88,2025-08-10
10,44,174,68,2025-07-16
10,45,482,52,2026-04-08
10,46,118,40,2025-11-15
10,47,464,41,2026-01-30
10,48,431,56,2026-01-22
10,49,142,54,2026-01-06
10,50,475,90,2025-06-09
10,51,159,30,2026-03-16
10,52,137,92,2025-08-30
10,53,77,96,2025-07-18
10,54,440,44,2025-12-25
10,55,257,83,2025-06-27
10,56,290,26,2026-03-09
10,57,84,37,2025-08-16
10,58,322,61,2025-08-20
10,59,373,58,2026-04-16
10,60,424,94,2025-09-30
10,61,486,43,2025-07-26
10,62,187,65,2026-04-27
10,63,18,87,2025-06-03
10,64,217,61,2026-04-12
10,65,287,58,2025-07-24
10,66,108,55,2025-07-19
10,67,231,55,2025-09-01
10,68,386,92,2025-08-04
10,69,135,89,2026-01-29
10,70,424,87,2025-06-11
10,71,268,68,2025-06-07
10,72,315,21,2026-03-18
10,73,443,24,2025-08-28
10,74,427,46,2025-09-28
10,75,159,40,2025-08-04
10,76,263,91,2025-06-21
10,77,49,86,2026-02-28
10,78,299,77,2025-12-11
10,79,258,89,2026-03-01
10,80,129,63,2025-11-23
10,81,257,54,2026-03-13
10,82,353,49,2025-12-06
10,83,115,27,2025-07-11
10,84,149,63,2025-12-03
10,85,441,55,2026-05-14
10,86,452,96,2025-06-17
10,87,476,50,2026-03-15
10,88,302,74,2026-04-15
10,89,207,81,2025-12-09
10,90,157,74,2025-11-16
10,91,399,31,2026-05-20
10,92,144,35,2025-06-24
10,93,395,27,2025-11-24
10,94,467,22,2025-10-26
10,95,143,49,2026-02-08
10,96,236,42,2025-11-28
10,97,347,24,2026-04-30
10,98,467,84,2025-06-28
10,99,120,49,2025-07-01
10,100,148,89,2026-01-10
